Team_id,Team,Player,Position,Matchs,On_start_%,Goals,Assists,Total_Points,Points_Average,Last_5_games_points,J_2,J_1,J_0,J_-1,J_-2,Avg_last_5_games,Value
1,Athletic Club,Unai Simón,PT,2,100,0,0,13,6.5,"['8', '5', 0, 0, 0]",8,5,0,0,0,2.6,4220000
1,Athletic Club,Agirrezabala,PT,2,0,0,0,0,0,"['-', '-', 0, 0, 0]",0,0,0,0,0,0.0,440000
1,Athletic Club,Ander Iru,PT,2,0,0,0,0,0,"['-', '-', 0, 0, 0]",0,0,0,0,0,0.0,410000
1,Athletic Club,De Marcos,DF,2,100,0,0,14,7,"['8', '6', 0, 0, 0]",8,6,0,0,0,2.8,2840000
1,Athletic Club,Yeray Álvarez,DF,2,100,0,1,14,7,"['6', '8', 0, 0, 0]",6,8,0,0,0,2.8,3930000
1,Athletic Club,Yuri Berchiche,DF,2,100,0,0,14,7,"['7', '7', 0, 0, 0]",7,7,0,0,0,2.8,4270000
1,Athletic Club,Daniel Vivian,DF,2,100,0,0,9,4.5,"['5', '4', 0, 0, 0]",5,4,0,0,0,1.8,2470000
1,Athletic Club,Capa,DF,2,0,0,0,0,0,"['-', '-', 0, 0, 0]",0,0,0,0,0,0.0,750000
1,Athletic Club,Lekue,DF,2,0,1,0,0,0,"['-', '-', 0, 0, 0]",0,0,0,0,0,0.0,700000
1,Athletic Club,Nolaskoain,DF,2,0,0,0,0,0,"['-', '-', 0, 0, 0]",0,0,0,0,0,0.0,240000
1,Athletic Club,Iñigo Martínez,DF,2,0,0,0,0,0,"['-', '-', 0, 0, 0]",0,0,0,0,0,0.0,5410000
1,Athletic Club,Balenziaga,DF,1,0,0,0,0,0,"['-', '-', 0, 0, 0]",0,0,0,0,0,0.0,310000
1,Athletic Club,Álex Berenguer,MD,2,100,0,0,15,7.5,"['4', '11', 0, 0, 0]",4,11,0,0,0,3.0,4480000
1,Athletic Club,Mikel Vesga,MD,2,100,0,0,12,6,"['7', '5', 0, 0, 0]",7,5,0,0,0,2.4,2000000
1,Athletic Club,Muniain,MD,1,100,0,0,11,5.5,"['3', '8', 0, 0, 0]",3,8,0,0,0,2.2,12730000
1,Athletic Club,Nico Williams,MD,1,50,0,0,8,4,"['6', '2', 0, 0, 0]",6,2,0,0,0,1.6,5860000
1,Athletic Club,Zarraga,MD,1,0,0,0,4,2,"['2', '2', 0, 0, 0]",2,2,0,0,0,0.8,1000000
1,Athletic Club,Unai Vencedor,MD,1,0,0,0,2,2,"['-', '2', 0, 0, 0]",0,2,0,0,0,0.4,2190000
1,Athletic Club,Malcom Adu,MD,1,0,0,0,0,0,"['2', '-', 0, 0, 0]",2,0,0,0,0,0.4,410000
1,Athletic Club,Dani García,MD,0,0,0,0,0,0,"['-', '-', 0, 0, 0]",0,0,0,0,0,0.0,1090000
1,Athletic Club,Jon Morcillo,MD,0,0,0,0,0,0,"['-', '-', 0, 0, 0]",0,0,0,0,0,0.0,310000
1,Athletic Club,Williams,DL,0,100,0,0,8,4,"['5', '3', 0, 0, 0]",5,3,0,0,0,1.6,9460000
1,Athletic Club,Raúl García,DL,0,0,0,0,7,3.5,"['4', '3', 0, 0, 0]",4,3,0,0,0,1.4,2810000
1,Athletic Club,Sancet,DL,0,100,0,0,5,2.5,"['2', '3', 0, 0, 0]",2,3,0,0,0,1.0,4480000
2,Club Atlético de Madrid,Oblak,PT,2,100,0,0,9,4.5,"['6', '3', 0, 0, 0]",6,3,0,0,0,1.8,6330000
2,Club Atlético de Madrid,Ivo Grbic,PT,2,0,0,0,0,0,"['-', '-', 0, 0, 0]",0,0,0,0,0,0.0,360000
2,Club Atlético de Madrid,Savic,DF,2,100,0,0,10,5,"['8', '2', 0, 0, 0]",8,2,0,0,0,2.0,5170000
2,Club Atlético de Madrid,Reinildo Mandava,DF,2,100,0,0,9,4.5,"['5', '4', 0, 0, 0]",5,4,0,0,0,1.8,5110000
2,Club Atlético de Madrid,José Giménez,DF,2,0,0,0,2,2,"['-', '2', 0, 0, 0]",0,2,0,0,0,0.4,4310000
2,Club Atlético de Madrid,Nahuel Molina,DF,2,100,0,0,1,0.5,"['5', '-4', 0, 0, 0]",5,-4,0,0,0,0.2,8290000
2,Club Atlético de Madrid,Mario Hermoso,DF,2,0,0,3,0,0,"['-', '-', 0, 0, 0]",0,0,0,0,0,0.0,1110000
2,Club Atlético de Madrid,Felipe,DF,2,0,2,0,0,0,"['-', '-', 0, 0, 0]",0,0,0,0,0,0.0,1030000
2,Club Atlético de Madrid,Renan Lodi,DF,2,0,0,0,0,0,"['-', '-', 0, 0, 0]",0,0,0,0,0,0.0,1090000
2,Club Atlético de Madrid,Koke,MD,2,100,0,0,10,5,"['4', '6', 0, 0, 0]",4,6,0,0,0,2.0,5620000
2,Club Atlético de Madrid,Lemar,MD,2,100,0,0,8,4,"['5', '3', 0, 0, 0]",5,3,0,0,0,1.6,5160000
2,Club Atlético de Madrid,Ferreira Carrasco,MD,1,50,0,0,8,4,"['4', '4', 0, 0, 0]",4,4,0,0,0,1.6,8650000
2,Club Atlético de Madrid,Rodrigo de Paul,MD,2,0,0,0,8,4,"['4', '4', 0, 0, 0]",4,4,0,0,0,1.6,5220000
2,Club Atlético de Madrid,Witsel,MD,2,100,1,0,8,4,"['4', '4', 0, 0, 0]",4,4,0,0,0,1.6,6520000
2,Club Atlético de Madrid,Marcos Llorente,MD,2,100,0,0,7,3.5,"['4', '3', 0, 0, 0]",4,3,0,0,0,1.4,8370000
2,Club Atlético de Madrid,Saúl Ñíguez,MD,2,50,0,0,5,5,"['5', '-', 0, 0, 0]",5,0,0,0,0,1.0,3750000
2,Club Atlético de Madrid,Kondogbia,MD,1,0,0,0,0,0,"['-', '-', 0, 0, 0]",0,0,0,0,0,0.0,3080000
2,Club Atlético de Madrid,Carlos Martín,MD,0,0,0,0,0,0,"['-', '-', 0, 0, 0]",0,0,0,0,0,0.0,180000
2,Club Atlético de Madrid,Javi Serrano,MD,0,0,0,0,0,0,"['-', '-', 0, 0, 0]",0,0,0,0,0,0.0,230000
2,Club Atlético de Madrid,Morata,DL,0,100,0,0,23,11.5,"['16', '7', 0, 0, 0]",16,7,0,0,0,4.6,15070000
2,Club Atlético de Madrid,João Félix,DL,0,100,0,0,18,9,"['13', '5', 0, 0, 0]",13,5,0,0,0,3.6,16240000
2,Club Atlético de Madrid,Griezmann,DL,0,0,0,0,16,8,"['12', '4', 0, 0, 0]",12,4,0,0,0,3.2,13370000
2,Club Atlético de Madrid,Correa,DL,0,0,0,0,6,3,"['2', '4', 0, 0, 0]",2,4,0,0,0,1.2,7400000
2,Club Atlético de Madrid,Matheus Cunha,DL,0,0,0,0,3,1.5,"['4', '-1', 0, 0, 0]",4,-1,0,0,0,0.6,6210000
3,CA Osasuna,Sergio Herrera,PT,2,100,0,0,10,5,"['4', '6', 0, 0, 0]",4,6,0,0,0,2.0,4280000
3,CA Osasuna,Juan Pérez,PT,2,0,0,0,0,0,"['-', '-', 0, 0, 0]",0,0,0,0,0,0.0,170000
3,CA Osasuna,Aitor Fernández,PT,2,0,0,0,0,0,"['-', '-', 0, 0, 0]",0,0,0,0,0,0.0,1040000
3,CA Osasuna,Rubén Peña,DF,2,100,0,0,12,6,"['5', '7', 0, 0, 0]",5,7,0,0,0,2.4,1650000
3,CA Osasuna,Unai García,DF,2,100,0,0,11,5.5,"['3', '8', 0, 0, 0]",3,8,0,0,0,2.2,800000
3,CA Osasuna,David García Zub.,DF,2,100,0,0,10,5,"['3', '7', 0, 0, 0]",3,7,0,0,0,2.0,4640000
3,CA Osasuna,Juan Cruz,DF,2,100,0,0,9,4.5,"['4', '5', 0, 0, 0]",4,5,0,0,0,1.8,1090000
3,CA Osasuna,Nacho Vidal,DF,2,0,1,0,4,2,"['2', '2', 0, 0, 0]",2,2,0,0,0,0.8,2650000
3,CA Osasuna,Manu Sánchez,DF,2,0,2,0,3,3,"['3', '-', 0, 0, 0]",3,0,0,0,0,0.6,1700000
3,CA Osasuna,Unai Dufur,DF,2,0,0,1,0,0,"['-', '-', 0, 0, 0]",0,0,0,0,0,0.0,220000
3,CA Osasuna,Jesús Areso,DF,1,0,0,0,0,0,"['-', '-', 0, 0, 0]",0,0,0,0,0,0.0,250000
3,CA Osasuna,Aridane Hernández,DF,1,0,0,0,0,0,"['0', '0', 0, 0, 0]",0,0,0,0,0,0.0,2010000
3,CA Osasuna,Brasanac,MD,1,0,0,0,8,4,"['4', '4', 0, 0, 0]",4,4,0,0,0,1.6,1570000
3,CA Osasuna,Aimar Oroz,MD,2,100,0,0,12,6,"['6', '6', 0, 0, 0]",6,6,0,0,0,2.4,1890000
3,CA Osasuna,Moi Gómez,MD,2,100,0,0,12,6,"['8', '4', 0, 0, 0]",8,4,0,0,0,2.4,3370000
3,CA Osasuna,Lucas Torró,MD,1,100,0,0,8,4,"['2', '6', 0, 0, 0]",2,6,0,0,0,1.6,4260000
3,CA Osasuna,Jon Moncayola,MD,1,100,0,0,7,3.5,"['5', '2', 0, 0, 0]",5,2,0,0,0,1.4,5690000
3,CA Osasuna,Rubén García,MD,1,0,0,0,2,2,"['-', '2', 0, 0, 0]",0,2,0,0,0,0.4,4530000
3,CA Osasuna,Roberto Torres,MD,1,0,0,0,2,2,"['-', '2', 0, 0, 0]",0,2,0,0,0,0.4,1070000
3,CA Osasuna,Pablo Ibáñez,MD,0,0,0,0,2,2,"['2', '-', 0, 0, 0]",2,0,0,0,0,0.4,190000
3,CA Osasuna,Javi Martínez Calvo,MD,0,0,0,0,0,0,"['-', '-', 0, 0, 0]",0,0,0,0,0,0.0,450000
3,CA Osasuna,Iker Benito,MD,0,0,0,0,0,0,"['-', '-', 0, 0, 0]",0,0,0,0,0,0.0,230000
3,CA Osasuna,Kike Barja,MD,0,50,0,0,-1,-1,"['-1', '-', 0, 0, 0]",-1,0,0,0,0,-0.2,620000
3,CA Osasuna,Ezequiel Ávila,DL,0,100,0,0,18,9,"['9', '9', 0, 0, 0]",9,9,0,0,0,3.6,10350000
3,CA Osasuna,Kike García,DL,0,0,0,0,15,7.5,"['4', '11', 0, 0, 0]",4,11,0,0,0,3.0,3210000
4,RCD Espanyol de Barcelona,Lecomte,PT,2,100,0,0,1,0.5,"['1', '0', 0, 0, 0]",1,0,0,0,0,0.2,3040000
4,RCD Espanyol de Barcelona,Joan García,PT,2,0,0,0,0,0,"['-', '-', 0, 0, 0]",0,0,0,0,0,0.0,180000
4,RCD Espanyol de Barcelona,Rubén Sánchez Sáez,DF,2,100,0,0,11,5.5,"['5', '6', 0, 0, 0]",5,6,0,0,0,2.2,1120000
4,RCD Espanyol de Barcelona,Leandro Cabrera,DF,2,100,1,0,10,5,"['5', '5', 0, 0, 0]",5,5,0,0,0,2.0,4150000
4,RCD Espanyol de Barcelona,Brian Oliván,DF,2,100,0,0,8,4,"['6', '2', 0, 0, 0]",6,2,0,0,0,1.6,1880000
4,RCD Espanyol de Barcelona,Calero,DF,2,50,0,0,6,3,"['4', '2', 0, 0, 0]",4,2,0,0,0,1.2,1110000
4,RCD Espanyol de Barcelona,Óscar Gil,DF,2,100,0,0,1,0.5,"['1', '0', 0, 0, 0]",1,0,0,0,0,0.2,2030000
4,RCD Espanyol de Barcelona,Adrià Pedrosa,DF,2,0,0,0,0,0,"['-', '-', 0, 0, 0]",0,0,0,0,0,0.0,1490000
4,RCD Espanyol de Barcelona,Lluís Recasens,DF,2,0,0,0,0,0,"['-', '-', 0, 0, 0]",0,0,0,0,0,0.0,220000
4,RCD Espanyol de Barcelona,Aleix Vidal,DF,2,0,0,0,0,0,"['-', '-', 0, 0, 0]",0,0,0,0,0,0.0,770000
4,RCD Espanyol de Barcelona,Sergi Gómez,DF,2,100,0,0,-6,-3,"['2', '-8', 0, 0, 0]",2,-8,0,0,0,-1.2,1760000
4,RCD Espanyol de Barcelona,Edu Expósito,MD,2,50,1,0,17,8.5,"['11', '6', 0, 0, 0]",11,6,0,0,0,3.4,4320000
4,RCD Espanyol de Barcelona,Sergi Darder,MD,1,100,0,0,10,5,"['2', '8', 0, 0, 0]",2,8,0,0,0,2.0,6690000
4,RCD Espanyol de Barcelona,Vinicius Souza,MD,1,100,0,0,9,4.5,"['2', '7', 0, 0, 0]",2,7,0,0,0,1.8,2480000
4,RCD Espanyol de Barcelona,Nico Melamed,MD,2,100,0,0,5,2.5,"['3', '2', 0, 0, 0]",3,2,0,0,0,1.0,1580000
4,RCD Espanyol de Barcelona,Keidi Bare,MD,1,0,0,0,4,4,"['4', '-', 0, 0, 0]",4,0,0,0,0,0.8,920000
4,RCD Espanyol de Barcelona,Embarba,MD,1,0,0,0,4,4,"['-', '4', 0, 0, 0]",0,4,0,0,0,0.8,1140000
4,RCD Espanyol de Barcelona,Luca Koleosho,MD,0,0,0,0,3,1.5,"['1', '2', 0, 0, 0]",1,2,0,0,0,0.6,230000
4,RCD Espanyol de Barcelona,Javi Puado,MD,0,0,0,0,2,2,"['-', '2', 0, 0, 0]",0,2,0,0,0,0.4,2220000
4,RCD Espanyol de Barcelona,Matías Vargas,MD,0,0,0,0,0,0,"['-', '-', 0, 0, 0]",0,0,0,0,0,0.0,400000
4,RCD Espanyol de Barcelona,Gori,MD,0,0,0,0,0,0,"['-', '-', 0, 0, 0]",0,0,0,0,0,0.0,220000
4,RCD Espanyol de Barcelona,Villahermosa,MD,0,0,0,0,0,0,"['-', '-', 0, 0, 0]",0,0,0,0,0,0.0,220000
5,FC Barcelona,Ter Stegen,PT,2,100,0,0,15,7.5,"['8', '7', 0, 0, 0]",8,7,0,0,0,3.0,5870000
5,FC Barcelona,Iñaki Peña,PT,2,0,0,0,0,0,"['-', '-', 0, 0, 0]",0,0,0,0,0,0.0,700000
5,FC Barcelona,Eric García,DF,2,100,2,0,10,5,"['6', '4', 0, 0, 0]",6,4,0,0,0,2.0,2730000
5,FC Barcelona,Christensen,DF,2,100,0,0,10,5,"['5', '5', 0, 0, 0]",5,5,0,0,0,2.0,5140000
5,FC Barcelona,Ronald Araujo,DF,2,100,1,0,7,3.5,"['4', '3', 0, 0, 0]",4,3,0,0,0,1.4,9260000
5,FC Barcelona,Alejandro Balde,DF,2,50,0,0,5,5,"['2', '3', 0, 0, 0]",2,3,0,0,0,1.0,610000
5,FC Barcelona,Jordi Alba,DF,2,50,0,0,5,2.5,"['-', '5', 0, 0, 0]",0,5,0,0,0,1.0,7540000
5,FC Barcelona,Kounde,DF,2,0,0,0,0,0,"['-', '-', 0, 0, 0]",0,0,0,0,0,0.0,10550000
5,FC Barcelona,Piqué,DF,2,0,0,0,0,0,"['-', '-', 0, 0, 0]",0,0,0,0,0,0.0,3230000
5,FC Barcelona,Sergiño Dest,DF,2,0,0,0,0,0,"['-', '-', 0, 0, 0]",0,0,0,0,0,0.0,1230000
5,FC Barcelona,Umtiti,DF,1,0,0,0,0,0,"['-', '-', 0, 0, 0]",0,0,0,0,0,0.0,280000
5,FC Barcelona,Pedri,MD,2,100,0,0,14,7,"['5', '9', 0, 0, 0]",5,9,0,0,0,2.8,17480000
5,FC Barcelona,De Jong,MD,1,50,0,1,11,5.5,"['6', '5', 0, 0, 0]",6,5,0,0,0,2.2,6520000
5,FC Barcelona,Sergi Roberto,MD,1,0,0,0,6,3,"['2', '4', 0, 0, 0]",2,4,0,0,0,1.2,830000
5,FC Barcelona,Gavi,MD,2,100,1,2,6,3,"['2', '4', 0, 0, 0]",2,4,0,0,0,1.2,12500000
5,FC Barcelona,Kessié,MD,2,0,0,0,4,2,"['2', '2', 0, 0, 0]",2,2,0,0,0,0.8,5290000
5,FC Barcelona,Sergio Busquets,MD,2,50,0,0,3,3,"['3', '-', 0, 0, 0]",3,0,0,0,0,0.6,9140000
5,FC Barcelona,Pjanic,MD,1,0,0,0,0,0,"['-', '-', 0, 0, 0]",0,0,0,0,0,0.0,1190000
5,FC Barcelona,Álvaro Sanz,MD,0,0,0,0,0,0,"['-', '-', 0, 0, 0]",0,0,0,0,0,0.0,220000
5,FC Barcelona,Lewandowski,DL,0,100,0,0,23,11.5,"['6', '17', 0, 0, 0]",6,17,0,0,0,4.6,33080000
5,FC Barcelona,Ansu Fati,DL,0,0,0,0,20,10,"['4', '16', 0, 0, 0]",4,16,0,0,0,4.0,16610000
5,FC Barcelona,Dembélé,DL,0,100,0,0,15,7.5,"['7', '8', 0, 0, 0]",7,8,0,0,0,3.0,19300000
5,FC Barcelona,Raphinha,DL,0,50,0,0,10,5,"['6', '4', 0, 0, 0]",6,4,0,0,0,2.0,19110000
5,FC Barcelona,Aubameyang,DL,0,0,0,0,3,3,"['3', '-', 0, 0, 0]",3,0,0,0,0,0.6,10990000
6,Getafe CF,Diego Conde,PT,2,0,0,0,0,0,"['0', '4', 0, 0, 0]",0,4,0,0,0,0.8,240000
6,Getafe CF,Kiko Casilla,PT,2,0,0,0,0,0,"['-', '-', 0, 0, 0]",0,0,0,0,0,0.0,270000
6,Getafe CF,David Soria,PT,2,100,0,0,0,0,"['-', '-', 0, 0, 0]",0,0,0,0,0,0.0,3360000
6,Getafe CF,Juan Iglesias,DF,2,100,0,0,9,4.5,"['5', '3', 0, 0, 0]",5,3,0,0,0,1.6,900000
6,Getafe CF,Domingos Duarte,DF,2,100,0,0,4,2,"['4', '-1', 0, 0, 0]",4,-1,0,0,0,0.6,2170000
6,Getafe CF,Djené,DF,2,100,0,0,2,1,"['1', '0', 0, 0, 0]",1,0,0,0,0,0.2,2520000
6,Getafe CF,Kofi,DF,2,0,0,0,0,0,"['-', '-', 0, 0, 0]",0,0,0,0,0,0.0,550000
6,Getafe CF,Omar Alderete,DF,2,0,1,0,0,0,"['-', '-', 0, 0, 0]",0,0,0,0,0,0.0,1790000
6,Getafe CF,Damián Suárez,DF,2,0,0,0,0,0,"['-', '-', 0, 0, 0]",0,0,0,0,0,0.0,2510000
6,Getafe CF,Gastón Álvarez,DF,2,0,0,0,0,0,"['-', '-', 0, 0, 0]",0,0,0,0,0,0.0,590000
6,Getafe CF,Mitrovic,DF,2,100,0,0,-1,-0.5,"['-1', '0', 0, 0, 0]",-1,0,0,0,0,-0.2,1280000
6,Getafe CF,Angileri,DF,2,100,0,0,-2,-1,"['1', '-3', 0, 0, 0]",1,-3,0,0,0,-0.4,1950000
6,Getafe CF,Mauro Arambarri,MD,2,100,0,0,10,5,"['6', '4', 0, 0, 0]",6,4,0,0,0,2.0,5130000
6,Getafe CF,Maksimovic,MD,1,100,0,0,4,2,"['2', '2', 0, 0, 0]",2,2,0,0,0,0.8,3850000
6,Getafe CF,Jaime Seoane,MD,1,0,0,0,4,2,"['2', '2', 0, 0, 0]",2,2,0,0,0,0.8,2160000
6,Getafe CF,Moi Parra,MD,0,0,0,0,0,0,"['3', '-', 0, 0, 0]",3,0,0,0,0,0.6,300000
6,Getafe CF,Aleñá,MD,0,100,0,0,1,0.5,"['0', '1', 0, 0, 0]",0,1,0,0,0,0.2,1460000
6,Getafe CF,Luis Milla,MD,0,0,0,0,0,0,"['-', '-', 0, 0, 0]",0,0,0,0,0,0.0,5960000
6,Getafe CF,Enes Ünal,DL,0,100,0,0,15,7.5,"['4', '11', 0, 0, 0]",4,11,0,0,0,3.0,11440000
6,Getafe CF,Portu,DL,0,0,0,0,3,1.5,"['3', '2', 0, 0, 0]",3,2,0,0,0,1.0,5970000
6,Getafe CF,Jaime Mata,DL,0,0,0,0,2,2,"['2', '-', 0, 0, 0]",2,0,0,0,0,0.4,520000
6,Getafe CF,Borja Mayoral,DL,0,100,0,0,-1,-0.5,"['-1', '1', 0, 0, 0]",-1,1,0,0,0,0.0,6460000
7,Real Madrid CF,Courtois,PT,2,100,1,1,9,4.5,"['7', '2', 0, 0, 0]",7,2,0,0,0,1.8,8090000
7,Real Madrid CF,Lunin,PT,2,0,0,0,0,0,"['-', '-', 0, 0, 0]",0,0,0,0,0,0.0,470000
7,Real Madrid CF,Alaba,DF,2,50,1,0,19,9.5,"['14', '5', 0, 0, 0]",14,5,0,0,0,3.8,9860000
7,Real Madrid CF,Lucas Vázquez,DF,2,50,1,1,16,8,"['14', '2', 0, 0, 0]",14,2,0,0,0,3.2,4310000
7,Real Madrid CF,Ferland Mendy,DF,2,100,0,0,7,3.5,"['2', '5', 0, 0, 0]",2,5,0,0,0,1.4,5910000
7,Real Madrid CF,Rüdiger,DF,2,50,0,0,6,3,"['4', '2', 0, 0, 0]",4,2,0,0,0,1.2,10750000
7,Real Madrid CF,Nacho Fernández,DF,2,50,0,0,4,4,"['4', '-', 0, 0, 0]",4,0,0,0,0,0.8,1820000
7,Real Madrid CF,Carvajal,DF,2,50,1,1,3,3,"['-', '3', 0, 0, 0]",0,3,0,0,0,0.6,5960000
7,Real Madrid CF,Éder Militão,DF,2,50,0,0,2,2,"['-', '2', 0, 0, 0]",0,2,0,0,0,0.4,8180000
7,Real Madrid CF,Odriozola,DF,2,0,1,0,0,0,"['-', '-', 0, 0, 0]",0,0,0,0,0,0.0,600000
7,Real Madrid CF,Jesús Vallejo,DF,2,0,1,1,0,0,"['-', '-', 0, 0, 0]",0,0,0,0,0,0.0,620000
7,Real Madrid CF,Modric,MD,1,50,0,0,20,10,"['4', '16', 0, 0, 0]",4,16,0,0,0,4.0,13610000
7,Real Madrid CF,Fede Valverde,MD,1,100,0,0,20,10,"['8', '12', 0, 0, 0]",8,12,0,0,0,4.0,11820000
7,Real Madrid CF,Tchouaméni,MD,1,100,0,0,12,6,"['4', '8', 0, 0, 0]",4,8,0,0,0,2.4,7610000
7,Real Madrid CF,Camavinga,MD,1,100,0,0,9,4.5,"['9', '-', 0, 0, 0]",9,0,0,0,0,1.8,7420000
7,Real Madrid CF,Kroos,MD,2,50,0,0,9,9,"['4', '5', 0, 0, 0]",4,5,0,0,0,1.8,15160000
7,Real Madrid CF,Dani Ceballos,MD,2,0,0,0,6,3,"['3', '3', 0, 0, 0]",3,3,0,0,0,1.2,2480000
7,Real Madrid CF,Vinícius Júnior,DL,1,100,0,0,21,10.5,"['7', '14', 0, 0, 0]",7,14,0,0,0,4.2,26110000
7,Real Madrid CF,Benzema,DL,1,100,0,0,10,5,"['3', '7', 0, 0, 0]",3,7,0,0,0,2.0,28410000
7,Real Madrid CF,Asensio,DL,0,0,0,0,3,3,"['-', '3', 0, 0, 0]",0,3,0,0,0,0.6,4240000
7,Real Madrid CF,Eden Hazard,DL,0,0,0,0,1,0.5,"['4', '-3', 0, 0, 0]",4,-3,0,0,0,0.2,6480000
7,Real Madrid CF,Mariano Díaz,DL,0,0,0,0,0,0,"['-', '-', 0, 0, 0]",0,0,0,0,0,0.0,1430000
7,Real Madrid CF,Peter González,DL,0,0,0,0,0,0,"['-', '-', 0, 0, 0]",0,0,0,0,0,0.0,650000
7,Real Madrid CF,Latasa,DL,0,0,0,0,0,0,"['-', '-', 0, 0, 0]",0,0,0,0,0,0.0,740000
8,Rayo Vallecano de Madrid,Dimitrievski,PT,2,100,0,0,17,8.5,"['11', '6', 0, 0, 0]",11,6,0,0,0,3.4,3640000
8,Rayo Vallecano de Madrid,Miguel Morro,PT,2,0,0,0,0,0,"['-', '-', 0, 0, 0]",0,0,0,0,0,0.0,180000
8,Rayo Vallecano de Madrid,Diego López,PT,2,0,1,0,0,0,"['-', '-', 0, 0, 0]",0,0,0,0,0,0.0,2620000
8,Rayo Vallecano de Madrid,Catena,DF,2,100,0,0,11,5.5,"['6', '5', 0, 0, 0]",6,5,0,0,0,2.2,4210000
8,Rayo Vallecano de Madrid,Fran García,DF,2,100,0,0,8,4,"['5', '3', 0, 0, 0]",5,3,0,0,0,1.6,3600000
8,Rayo Vallecano de Madrid,Balliu,DF,2,100,0,1,8,4,"['2', '6', 0, 0, 0]",2,6,0,0,0,1.6,1980000
8,Rayo Vallecano de Madrid,Mario Suárez,DF,2,0,0,1,2,2,"['-', '2', 0, 0, 0]",0,2,0,0,0,0.4,480000
8,Rayo Vallecano de Madrid,Mario Hernández,DF,2,0,0,0,0,0,"['-', '-', 0, 0, 0]",0,0,0,0,0,0.0,410000
8,Rayo Vallecano de Madrid,Saveljich,DF,2,0,0,0,0,0,"['-', '-', 0, 0, 0]",0,0,0,0,0,0.0,790000
8,Rayo Vallecano de Madrid,Lejeune,DF,2,100,1,0,-1,-0.5,"['5', '-6', 0, 0, 0]",5,-6,0,0,0,-0.2,2320000
8,Rayo Vallecano de Madrid,Pathé Ciss,MD,2,100,0,0,19,9.5,"['7', '12', 0, 0, 0]",7,12,0,0,0,3.8,2190000
8,Rayo Vallecano de Madrid,Isi Palazón,MD,2,100,0,0,16,8,"['7', '9', 0, 0, 0]",7,9,0,0,0,3.2,4150000
8,Rayo Vallecano de Madrid,Álvaro García,MD,2,100,0,0,9,4.5,"['3', '6', 0, 0, 0]",3,6,0,0,0,1.8,7430000
8,Rayo Vallecano de Madrid,Unai López,MD,2,100,0,0,7,3.5,"['2', '5', 0, 0, 0]",2,5,0,0,0,1.4,930000
8,Rayo Vallecano de Madrid,Óscar Valentín,MD,1,0,0,0,6,3,"['4', '2', 0, 0, 0]",4,2,0,0,0,1.2,2430000
8,Rayo Vallecano de Madrid,Salvi,MD,1,0,0,0,6,3,"['2', '4', 0, 0, 0]",2,4,0,0,0,1.2,600000
8,Rayo Vallecano de Madrid,Trejo,MD,1,100,0,0,4,2,"['2', '2', 0, 0, 0]",2,2,0,0,0,0.8,6360000
8,Rayo Vallecano de Madrid,Pozo,MD,0,0,0,0,4,4,"['4', '-', 0, 0, 0]",4,0,0,0,0,0.8,630000
8,Rayo Vallecano de Madrid,Comesaña,MD,0,0,0,0,0,0,"['-', '-', 0, 0, 0]",0,0,0,0,0,0.0,2890000
8,Rayo Vallecano de Madrid,Álvaro Aguirre,MD,0,0,0,0,0,0,"['-', '-', 0, 0, 0]",0,0,0,0,0,0.0,210000
8,Rayo Vallecano de Madrid,Bebé,MD,0,0,0,0,0,0,"['-', '-', 0, 0, 0]",0,0,0,0,0,0.0,1160000
8,Rayo Vallecano de Madrid,Randy Nteka,DL,0,0,0,0,4,4,"['2', '2', 0, 0, 0]",2,2,0,0,0,0.8,1400000
8,Rayo Vallecano de Madrid,Sergio Camello,DL,0,100,0,0,4,2,"['-', '4', 0, 0, 0]",0,4,0,0,0,0.8,2380000
8,Rayo Vallecano de Madrid,Falcao,DL,0,0,0,0,3,1.5,"['2', '1', 0, 0, 0]",2,1,0,0,0,0.6,4450000
9,RCD Mallorca,Rajkovic,PT,2,100,0,0,12,6,"['11', '1', 0, 0, 0]",11,1,0,0,0,2.4,4000000
9,RCD Mallorca,Greif,PT,2,0,0,0,0,0,"['-', '-', 0, 0, 0]",0,0,0,0,0,0.0,240000
9,RCD Mallorca,Leo Román,PT,2,0,0,0,0,0,"['-', '-', 0, 0, 0]",0,0,0,0,0,0.0,1040000
9,RCD Mallorca,Martin Valjent,DF,2,100,0,0,11,5.5,"['8', '3', 0, 0, 0]",8,3,0,0,0,2.2,1870000
9,RCD Mallorca,Maffeo,DF,2,100,0,0,9,4.5,"['5', '4', 0, 0, 0]",5,4,0,0,0,1.8,3350000
9,RCD Mallorca,Copete,DF,2,100,0,0,9,4.5,"['7', '2', 0, 0, 0]",7,2,0,0,0,1.8,2520000
9,RCD Mallorca,Raíllo,DF,2,100,1,0,8,4,"['5', '3', 0, 0, 0]",5,3,0,0,0,1.6,2800000
9,RCD Mallorca,Jaume Costa,DF,2,100,0,1,8,4,"['3', '5', 0, 0, 0]",3,5,0,0,0,1.6,1970000
9,RCD Mallorca,Braian Cufré,DF,2,0,0,0,0,0,"['-', '-', 0, 0, 0]",0,0,0,0,0,0.0,410000
9,RCD Mallorca,Josep Gayá,DF,2,0,0,0,0,0,"['-', '-', 0, 0, 0]",0,0,0,0,0,0.0,230000
9,RCD Mallorca,Giovanni González,DF,2,0,0,0,0,0,"['-', '-', 0, 0, 0]",0,0,0,0,0,0.0,350000
9,RCD Mallorca,Franco Russo,DF,2,0,0,0,0,0,"['-', '-', 0, 0, 0]",0,0,0,0,0,0.0,420000
9,RCD Mallorca,Kang-In Lee,MD,2,100,0,0,15,7.5,"['4', '11', 0, 0, 0]",4,11,0,0,0,3.0,1780000
9,RCD Mallorca,Grenier,MD,2,100,0,0,8,4,"['4', '4', 0, 0, 0]",4,4,0,0,0,1.6,2200000
9,RCD Mallorca,Idrissu Baba,MD,2,0,0,0,6,3,"['2', '4', 0, 0, 0]",2,4,0,0,0,1.2,2080000
9,RCD Mallorca,Lago Júnior,MD,0,0,0,0,4,2,"['4', '0', 0, 0, 0]",4,0,0,0,0,0.8,390000
9,RCD Mallorca,Dani Rodríguez,MD,0,100,0,0,4,2,"['2', '2', 0, 0, 0]",2,2,0,0,0,0.8,3460000
9,RCD Mallorca,Antonio Sánchez,MD,0,0,0,0,3,1.5,"['4', '-1', 0, 0, 0]",4,-1,0,0,0,0.6,500000
9,RCD Mallorca,Rodrigo Battaglia,MD,0,100,0,0,3,1.5,"['1', '2', 0, 0, 0]",1,2,0,0,0,0.6,1240000
9,RCD Mallorca,Mboula,MD,0,0,0,0,0,0,"['-', '-', 0, 0, 0]",0,0,0,0,0,0.0,270000
9,RCD Mallorca,Ruiz de Galarreta,MD,0,0,0,0,0,0,"['-', '-', 0, 0, 0]",0,0,0,0,0,0.0,670000
9,RCD Mallorca,Amath Ndiaye,MD,0,0,0,0,0,0,"['-', '-', 0, 0, 0]",0,0,0,0,0,0.0,310000
9,RCD Mallorca,Javi Llabres,MD,0,0,0,0,0,0,"['-', '-', 0, 0, 0]",0,0,0,0,0,0.0,210000
10,Real Betis Balompié,Rui Silva,PT,2,100,0,0,16,8,"['7', '9', 0, 0, 0]",7,9,0,0,0,3.2,2730000
10,Real Betis Balompié,Dani Martín,PT,2,0,2,0,0,0,"['-', '-', 0, 0, 0]",0,0,0,0,0,0.0,230000
10,Real Betis Balompié,Claudio Bravo,PT,2,0,0,0,0,0,"['-', '-', 0, 0, 0]",0,0,0,0,0,0.0,1230000
10,Real Betis Balompié,Pezzella,DF,2,100,0,0,15,7.5,"['10', '5', 0, 0, 0]",10,5,0,0,0,3.0,2770000
10,Real Betis Balompié,Édgar González,DF,2,100,0,0,10,5,"['6', '4', 0, 0, 0]",6,4,0,0,0,2.0,1840000
10,Real Betis Balompié,Álex Moreno,DF,2,100,0,1,6,3,"['4', '2', 0, 0, 0]",4,2,0,0,0,1.2,5790000
10,Real Betis Balompié,Fran Delgado,DF,2,0,0,0,0,0,"['2', '-', 0, 0, 0]",2,0,0,0,0,0.4,290000
10,Real Betis Balompié,Sabaly,DF,2,0,0,0,0,0,"['-', '-', 0, 0, 0]",0,0,0,0,0,0.0,2330000
10,Real Betis Balompié,Martín Montoya,DF,2,0,3,0,0,0,"['-', '-', 0, 0, 0]",0,0,0,0,0,0.0,280000
10,Real Betis Balompié,Víctor Ruiz,DF,2,0,0,1,0,0,"['-', '-', 0, 0, 0]",0,0,0,0,0,0.0,440000
10,Real Betis Balompié,Juan Miranda,DF,2,0,0,0,0,0,"['-', '-', 0, 0, 0]",0,0,0,0,0,0.0,680000
10,Real Betis Balompié,Luiz Felipe,DF,2,0,0,0,0,0,"['-', '-', 0, 0, 0]",0,0,0,0,0,0.0,4500000
10,Real Betis Balompié,Fekir,MD,2,100,0,0,12,6,"['7', '5', 0, 0, 0]",7,5,0,0,0,2.4,14950000
10,Real Betis Balompié,William Carvalho,MD,2,100,0,0,11,5.5,"['7', '4', 0, 0, 0]",7,4,0,0,0,2.2,5260000
10,Real Betis Balompié,Guido Rodríguez,MD,1,100,0,0,11,5.5,"['9', '2', 0, 0, 0]",9,2,0,0,0,2.2,7510000
10,Real Betis Balompié,Rober González,MD,1,0,0,0,8,4,"['6', '2', 0, 0, 0]",6,2,0,0,0,1.6,580000
10,Real Betis Balompié,Aitor Ruibal,MD,0,100,0,0,7,3.5,"['5', '2', 0, 0, 0]",5,2,0,0,0,1.4,1300000
10,Real Betis Balompié,Rodrigo Sánchez,MD,0,100,0,0,6,3,"['5', '1', 0, 0, 0]",5,1,0,0,0,1.2,1070000
11,Real Sociedad de Fútbol,Alex Remiro,PT,2,100,0,0,6,3,"['7', '-1', 0, 0, 0]",7,-1,0,0,0,1.2,5110000
11,Real Sociedad de Fútbol,Andoni Zubiaurre,PT,2,0,0,0,0,0,"['-', '-', 0, 0, 0]",0,0,0,0,0,0.0,160000
11,Real Sociedad de Fútbol,Zubeldia,DF,2,100,0,0,7,3.5,"['6', '1', 0, 0, 0]",6,1,0,0,0,1.4,1680000
11,Real Sociedad de Fútbol,Le Normand,DF,2,100,0,0,7,3.5,"['5', '2', 0, 0, 0]",5,2,0,0,0,1.4,6480000
11,Real Sociedad de Fútbol,Aritz Elustondo,DF,2,100,0,0,6,3,"['6', '0', 0, 0, 0]",6,0,0,0,0,1.2,3690000
11,Real Sociedad de Fútbol,Diego Rico,DF,2,50,0,0,3,3,"['3', '-', 0, 0, 0]",3,0,0,0,0,0.6,2450000
11,Real Sociedad de Fútbol,Gorosabel,DF,2,0,0,1,2,2,"['-', '2', 0, 0, 0]",0,2,0,0,0,0.4,2030000
11,Real Sociedad de Fútbol,Aihen Muñoz,DF,2,50,1,0,1,0.5,"['2', '-1', 0, 0, 0]",2,-1,0,0,0,0.2,800000
11,Real Sociedad de Fútbol,Jon Pacheco,DF,2,0,1,0,0,0,"['-', '-', 0, 0, 0]",0,0,0,0,0,0.0,380000
11,Real Sociedad de Fútbol,Álex Sola,DF,2,0,0,0,0,0,"['-', '-', 0, 0, 0]",0,0,0,0,0,0.0,300000
11,Real Sociedad de Fútbol,Mikel Merino,MD,2,100,0,0,17,8.5,"['11', '6', 0, 0, 0]",11,6,0,0,0,3.4,11050000
11,Real Sociedad de Fútbol,Kubo,MD,1,100,0,0,12,6,"['9', '3', 0, 0, 0]",9,3,0,0,0,2.4,5290000
11,Real Sociedad de Fútbol,Silva,MD,2,100,0,0,10,5,"['6', '4', 0, 0, 0]",6,4,0,0,0,2.0,6700000
11,Real Sociedad de Fútbol,Brais Méndez,MD,1,100,0,0,7,3.5,"['5', '2', 0, 0, 0]",5,2,0,0,0,1.4,7670000
11,Real Sociedad de Fútbol,Zubimendi,MD,1,100,0,0,6,3,"['4', '2', 0, 0, 0]",4,2,0,0,0,1.2,3830000
11,Real Sociedad de Fútbol,Illarramendi,MD,2,0,0,0,3,3,"['3', '-', 0, 0, 0]",3,0,0,0,0,0.6,1510000
11,Real Sociedad de Fútbol,Beñat Turrientes,MD,1,0,0,0,2,2,"['2', '-', 0, 0, 0]",2,0,0,0,0,0.4,380000
11,Real Sociedad de Fútbol,Ander Barrenetxea,MD,1,0,0,0,2,2,"['-', '2', 0, 0, 0]",0,2,0,0,0,0.4,900000
11,Real Sociedad de Fútbol,Robert Navarro,MD,1,0,0,0,2,2,"['-', '2', 0, 0, 0]",0,2,0,0,0,0.4,400000
11,Real Sociedad de Fútbol,Germán Valera,MD,0,0,0,0,0,0,"['-', '-', 0, 0, 0]",0,0,0,0,0,0.0,210000
11,Real Sociedad de Fútbol,Merquelanz,MD,0,0,0,0,0,0,"['-', '-', 0, 0, 0]",0,0,0,0,0,0.0,320000
11,Real Sociedad de Fútbol,Ander Martín,MD,0,0,0,0,0,0,"['-', '-', 0, 0, 0]",0,0,0,0,0,0.0,210000
11,Real Sociedad de Fútbol,Guevara,MD,0,0,0,0,0,0,"['-', '-', 0, 0, 0]",0,0,0,0,0,0.0,290000
11,Real Sociedad de Fútbol,Isak,DL,0,100,0,0,10,5,"['2', '8', 0, 0, 0]",2,8,0,0,0,2.0,9950000
11,Real Sociedad de Fútbol,Karrikaburu,DL,0,0,0,0,8,4,"['6', '2', 0, 0, 0]",6,2,0,0,0,1.6,590000
12,Villarreal CF,Rulli,PT,2,100,0,0,23,11.5,"['12', '11', 0, 0, 0]",12,11,0,0,0,4.6,4210000
12,Villarreal CF,Pepe Reina,PT,2,0,0,0,0,0,"['-', '-', 0, 0, 0]",0,0,0,0,0,0.0,910000
12,Villarreal CF,Juan Foyth,DF,2,100,0,1,13,6.5,"['3', '10', 0, 0, 0]",3,10,0,0,0,2.6,4390000
12,Villarreal CF,Alfonso Pedraza,DF,2,100,0,0,12,6,"['4', '8', 0, 0, 0]",4,8,0,0,0,2.4,3730000
12,Villarreal CF,Albiol,DF,2,100,0,0,11,5.5,"['4', '7', 0, 0, 0]",4,7,0,0,0,2.2,4490000
12,Villarreal CF,Pau Torres,DF,2,100,0,0,10,5,"['3', '7', 0, 0, 0]",3,7,0,0,0,2.0,8180000
12,Villarreal CF,Aïssa Mandi,DF,2,0,1,0,2,2,"['2', '-', 0, 0, 0]",2,0,0,0,0,0.4,1050000
12,Villarreal CF,Jorge Cuenca,DF,2,0,1,0,0,0,"['-', '-', 0, 0, 0]",0,0,0,0,0,0.0,1240000
12,Villarreal CF,Kiko Femenía,DF,2,0,0,0,0,0,"['-', '-', 0, 0, 0]",0,0,0,0,0,0.0,1230000
12,Villarreal CF,Álex Baena,MD,2,0,1,1,23,11.5,"['19', '4', 0, 0, 0]",19,4,0,0,0,4.6,2940000
12,Villarreal CF,Parejo,MD,2,100,0,0,18,9,"['10', '8', 0, 0, 0]",10,8,0,0,0,3.6,16360000
12,Villarreal CF,Yéremi Pino,MD,1,100,0,0,15,7.5,"['7', '8', 0, 0, 0]",7,8,0,0,0,3.0,8690000
12,Villarreal CF,Capoue,MD,2,100,2,0,9,4.5,"['5', '4', 0, 0, 0]",5,4,0,0,0,1.8,6000000
12,Villarreal CF,Coquelin,MD,2,50,0,1,8,4,"['6', '2', 0, 0, 0]",6,2,0,0,0,1.6,3730000
12,Villarreal CF,Samu Chukwueze,MD,2,0,0,0,7,3.5,"['5', '2', 0, 0, 0]",5,2,0,0,0,1.4,3810000
12,Villarreal CF,Lo Celso,MD,1,50,0,0,3,3,"['-', '3', 0, 0, 0]",0,3,0,0,0,0.6,8770000
12,Villarreal CF,Morlanes,MD,0,0,0,0,0,0,"['-', '-', 0, 0, 0]",0,0,0,0,0,0.0,650000
12,Villarreal CF,Alberto Moreno,MD,0,0,0,0,0,0,"['-', '-', 0, 0, 0]",0,0,0,0,0,0.0,1020000
12,Villarreal CF,Carlo Adriano,MD,0,0,0,0,0,0,"['-', '-', 0, 0, 0]",0,0,0,0,0,0.0,330000
12,Villarreal CF,Trigueros,MD,0,0,0,0,0,0,"['-', '-', 0, 0, 0]",0,0,0,0,0,0.0,2820000
12,Villarreal CF,Nicolas Jackson,DL,0,100,0,0,12,6,"['10', '2', 0, 0, 0]",10,2,0,0,0,2.4,3080000
12,Villarreal CF,Gerard Moreno,DL,0,100,0,0,8,4,"['2', '6', 0, 0, 0]",2,6,0,0,0,1.6,17440000
12,Villarreal CF,Morales,DL,0,0,0,0,4,2,"['2', '2', 0, 0, 0]",2,2,0,0,0,0.8,7150000
13,Valencia CF,Mamardashvili,PT,2,100,0,0,8,4,"['6', '2', 0, 0, 0]",6,2,0,0,0,1.6,3130000
13,Valencia CF,Jaume Doménech,PT,2,0,0,0,0,0,"['-', '-', 0, 0, 0]",0,0,0,0,0,0.0,420000
13,Valencia CF,Thierry Correia,DF,2,100,0,0,9,4.5,"['2', '7', 0, 0, 0]",2,7,0,0,0,1.8,2970000
13,Valencia CF,Foulquier,DF,2,0,0,0,6,3,"['2', '4', 0, 0, 0]",2,4,0,0,0,1.2,1480000
13,Valencia CF,Diakhaby,DF,2,100,0,0,5,2.5,"['-', '5', 0, 0, 0]",0,5,0,0,0,1.0,1820000
13,Valencia CF,Gabriel Paulista,DF,2,50,0,0,5,5,"['3', '2', 0, 0, 0]",3,2,0,0,0,1.0,4510000
13,Valencia CF,Lato,DF,2,0,1,0,4,2,"['4', '-', 0, 0, 0]",4,0,0,0,0,0.8,380000
13,Valencia CF,Cristhian Mosquera,DF,2,0,0,0,4,4,"['2', '2', 0, 0, 0]",2,2,0,0,0,0.8,540000
13,Valencia CF,Jesús Vázquez,DF,2,100,0,0,3,1.5,"['3', '0', 0, 0, 0]",3,0,0,0,0,0.6,1530000
13,Valencia CF,Gayà,DF,2,0,0,0,0,0,"['-', '-', 0, 0, 0]",0,0,0,0,0,0.0,4760000
13,Valencia CF,Rubén Iranzo,DF,1,0,0,0,0,0,"['-', '-', 0, 0, 0]",0,0,0,0,0,0.0,200000
13,Valencia CF,Özkacar,DF,1,0,0,0,0,0,"['-', '-', 0, 0, 0]",0,0,0,0,0,0.0,500000
13,Valencia CF,Cömert,DF,2,50,0,0,-3,-3,"['-3', '-', 0, 0, 0]",-3,0,0,0,0,-0.6,500000
13,Valencia CF,Carlos Soler,MD,2,100,0,0,15,7.5,"['10', '5', 0, 0, 0]",10,5,0,0,0,3.0,14340000
13,Valencia CF,Samuel Lino,MD,2,100,0,0,9,4.5,"['5', '4', 0, 0, 0]",5,4,0,0,0,1.8,4960000
13,Valencia CF,Samu Castillejo,MD,2,100,0,0,7,3.5,"['3', '4', 0, 0, 0]",3,4,0,0,0,1.4,7540000
13,Valencia CF,Guillamón,MD,1,100,0,0,6,3,"['4', '2', 0, 0, 0]",4,2,0,0,0,1.2,2870000
13,Valencia CF,Nico González,MD,1,0,0,0,5,2.5,"['3', '2', 0, 0, 0]",3,2,0,0,0,1.0,3610000
13,Valencia CF,Yunus Musah,MD,0,100,0,0,5,2.5,"['2', '3', 0, 0, 0]",2,3,0,0,0,1.0,1520000
13,Valencia CF,Racic,MD,0,0,0,0,0,0,"['-', '-', 0, 0, 0]",0,0,0,0,0,0.0,690000
13,Valencia CF,Jesús Santiago,MD,0,0,0,0,0,0,"['-', '-', 0, 0, 0]",0,0,0,0,0,0.0,420000
13,Valencia CF,Koba,MD,0,0,0,0,0,0,"['-', '-', 0, 0, 0]",0,0,0,0,0,0.0,300000
13,Valencia CF,Hugo Duro,DL,0,100,0,0,6,3,"['4', '2', 0, 0, 0]",4,2,0,0,0,1.2,4410000
13,Valencia CF,Maxi Gómez,DL,0,0,0,0,4,2,"['2', '2', 0, 0, 0]",2,2,0,0,0,0.8,3420000
14,Real Valladolid CF,Masip,PT,2,0,0,0,0,0,"['-', '-', 0, 0, 0]",0,0,0,0,0,0.0,1470000
14,Real Valladolid CF,Sergio Asenjo,PT,2,100,0,0,-1,-0.5,"['-1', '0', 0, 0, 0]",-1,0,0,0,0,-0.2,1810000
14,Real Valladolid CF,Jawad El Yamiq,DF,2,100,0,0,7,3.5,"['6', '1', 0, 0, 0]",6,1,0,0,0,1.4,1830000
14,Real Valladolid CF,Javi Sánchez,DF,2,50,0,0,5,5,"['-', '5', 0, 0, 0]",0,5,0,0,0,1.0,1030000
14,Real Valladolid CF,Luis Pérez,DF,2,100,0,0,4,2,"['2', '2', 0, 0, 0]",2,2,0,0,0,0.8,1480000
14,Real Valladolid CF,Sergio Escudero,DF,2,100,0,0,3,1.5,"['1', '2', 0, 0, 0]",1,2,0,0,0,0.6,1470000
14,Real Valladolid CF,Joaquín Fernández,DF,2,50,0,0,3,1.5,"['1', '2', 0, 0, 0]",1,2,0,0,0,0.6,1280000
14,Real Valladolid CF,Lucas Olaza,DF,2,0,0,0,3,1.5,"['1', '2', 0, 0, 0]",1,2,0,0,0,0.6,720000
14,Real Valladolid CF,Anuar,MD,2,50,0,0,14,14,"['-', '14', 0, 0, 0]",0,14,0,0,0,2.8,720000
14,Real Valladolid CF,Iván Sánchez,MD,2,50,0,0,10,5,"['6', '4', 0, 0, 0]",6,4,0,0,0,2.0,2020000
14,Real Valladolid CF,Álvaro Aguado,MD,1,100,1,0,9,4.5,"['3', '6', 0, 0, 0]",3,6,0,0,0,1.8,2520000
14,Real Valladolid CF,Kike Pérez,MD,1,50,0,0,8,4,"['6', '2', 0, 0, 0]",6,2,0,0,0,1.6,970000
14,Real Valladolid CF,Monchu,MD,2,50,0,1,6,3,"['4', '2', 0, 0, 0]",4,2,0,0,0,1.2,780000
14,Real Valladolid CF,Roque Mesa,MD,1,100,0,0,4,2,"['2', '2', 0, 0, 0]",2,2,0,0,0,0.8,2840000
14,Real Valladolid CF,Óscar Plano,MD,1,0,0,0,4,2,"['2', '2', 0, 0, 0]",2,2,0,0,0,0.8,1570000
14,Real Valladolid CF,Gonzalo Plata,MD,1,50,0,0,2,2,"['2', '-', 0, 0, 0]",2,0,0,0,0,0.4,4180000
14,Real Valladolid CF,Toni Villa,MD,2,50,0,0,1,1,"['1', '-', 0, 0, 0]",1,0,0,0,0,0.2,1550000
14,Real Valladolid CF,Mickael Malsa,MD,2,0,0,0,0,0,"['-', '-', 0, 0, 0]",0,0,0,0,0,0.0,810000
14,Real Valladolid CF,Hugo Vallejo,MD,1,0,0,0,0,0,"['-', '-', 0, 0, 0]",0,0,0,0,0,0.0,280000
14,Real Valladolid CF,Sergio León,DL,0,50,0,0,7,3.5,"['2', '5', 0, 0, 0]",2,5,0,0,0,1.4,2090000
14,Real Valladolid CF,Sergi Guardiola,DL,0,50,0,0,2,2,"['-', '2', 0, 0, 0]",0,2,0,0,0,0.4,3650000
14,Real Valladolid CF,Sekou Gassama,DL,0,0,0,0,2,2,"['2', '-', 0, 0, 0]",2,0,0,0,0,0.4,500000
14,Real Valladolid CF,Shon Weissman,DL,0,0,0,0,0,0,"['-', '-', 0, 0, 0]",0,0,0,0,0,0.0,3550000
15,Cádiz CF,Jeremías Ledesma,PT,2,100,0,0,10,5,"['10', '0', 0, 0, 0]",10,0,0,0,0,2.0,3710000
15,Cádiz CF,David Gil,PT,2,0,0,0,0,0,"['-', '-', 0, 0, 0]",0,0,0,0,0,0.0,180000
15,Cádiz CF,Luis Hernández,DF,2,100,0,0,14,7,"['8', '6', 0, 0, 0]",8,6,0,0,0,2.8,2690000
15,Cádiz CF,Fali,DF,2,100,0,0,9,4.5,"['6', '3', 0, 0, 0]",6,3,0,0,0,1.8,1830000
15,Cádiz CF,Víctor Chust,DF,2,100,0,0,6,3,"['4', '2', 0, 0, 0]",4,2,0,0,0,1.2,1400000
15,Cádiz CF,Zaldua,DF,2,100,0,0,6,3,"['5', '1', 0, 0, 0]",5,1,0,0,0,1.2,2040000
15,Cádiz CF,Arzamendia,DF,2,50,0,0,6,3,"['2', '4', 0, 0, 0]",2,4,0,0,0,1.2,620000
15,Cádiz CF,Espino,DF,2,100,0,0,3,1.5,"['1', '2', 0, 0, 0]",1,2,0,0,0,0.6,3780000
15,Cádiz CF,Cala,DF,2,0,0,0,0,0,"['-', '-', 0, 0, 0]",0,0,0,0,0,0.0,360000
15,Cádiz CF,Iza Carcelén,DF,2,0,0,0,0,0,"['-', '-', 0, 0, 0]",0,0,0,0,0,0.0,420000
15,Cádiz CF,Momo Mbaye,DF,2,0,0,0,0,0,"['-', '-', 0, 0, 0]",0,0,0,0,0,0.0,330000
15,Cádiz CF,Awer Mabil,MD,2,50,0,0,6,3,"['4', '2', 0, 0, 0]",4,2,0,0,0,1.2,1680000
15,Cádiz CF,José Mari,MD,2,50,0,0,4,2,"['1', '3', 0, 0, 0]",1,3,0,0,0,0.8,1000000
15,Cádiz CF,Iván Alejo,MD,1,0,0,0,4,2,"['-', '4', 0, 0, 0]",0,4,0,0,0,0.8,620000
15,Cádiz CF,Fede San Emeterio,MD,2,0,0,0,4,4,"['2', '2', 0, 0, 0]",2,2,0,0,0,0.8,630000
15,Cádiz CF,Mamady Diarra,MD,2,50,0,0,4,2,"['2', '2', 0, 0, 0]",2,2,0,0,0,0.8,330000
15,Cádiz CF,Tomás Alarcón,MD,1,50,0,0,3,1.5,"['4', '-1', 0, 0, 0]",4,-1,0,0,0,0.6,720000
15,Cádiz CF,Alberto Perea,MD,0,50,0,0,2,2,"['2', '-', 0, 0, 0]",2,0,0,0,0,0.4,560000
15,Cádiz CF,Antonio Blanco,MD,0,0,0,0,0,0,"['-', '-', 0, 0, 0]",0,0,0,0,0,0.0,970000
15,Cádiz CF,Álvaro Bastida,MD,0,0,0,0,0,0,"['-', '-', 0, 0, 0]",0,0,0,0,0,0.0,240000
15,Cádiz CF,Martín Calderón,MD,0,0,0,0,0,0,"['-', '-', 0, 0, 0]",0,0,0,0,0,0.0,230000
15,Cádiz CF,Rubén Alcaraz,MD,0,0,0,0,0,0,"['-', '-', 0, 0, 0]",0,0,0,0,0,0.0,2700000
15,Cádiz CF,Jon Ander Garrido,MD,0,0,0,0,0,0,"['-', '-', 0, 0, 0]",0,0,0,0,0,0.0,210000
15,Cádiz CF,Pombo,MD,0,0,0,0,0,0,"['-', '-', 0, 0, 0]",0,0,0,0,0,0.0,280000
15,Cádiz CF,Álex Fernández,MD,0,0,0,0,0,0,"['-', '-', 0, 0, 0]",0,0,0,0,0,0.0,1900000
16,UD Almería,Fernando Martínez,PT,2,100,0,0,16,8,"['12', '4', 0, 0, 0]",12,4,0,0,0,3.2,2630000
16,UD Almería,Rosic,PT,2,0,0,0,0,0,"['-', '-', 0, 0, 0]",0,0,0,0,0,0.0,200000
16,UD Almería,Pacheco,PT,2,0,0,0,0,0,"['-', '-', 0, 0, 0]",0,0,0,0,0,0.0,2350000
16,UD Almería,Rodrigo Ely,DF,2,100,0,0,9,4.5,"['6', '3', 0, 0, 0]",6,3,0,0,0,1.8,2450000
16,UD Almería,Kaiky,DF,2,100,0,0,9,4.5,"['5', '4', 0, 0, 0]",5,4,0,0,0,1.8,2050000
16,UD Almería,Akieme,DF,2,100,0,1,7,3.5,"['4', '4', 0, 0, 0]",4,4,0,0,0,1.6,2150000
16,UD Almería,Chumi,DF,2,50,0,0,7,3.5,"['2', '5', 0, 0, 0]",2,5,0,0,0,1.4,690000
16,UD Almería,Babic,DF,2,100,1,0,4,2,"['2', '2', 0, 0, 0]",2,2,0,0,0,0.8,2160000
16,UD Almería,Álex Pozo,DF,2,0,1,0,0,0,"['-', '-', 0, 0, 0]",0,0,0,0,0,0.0,1340000
16,UD Almería,Juanjo Nieto,DF,2,0,0,1,0,0,"['-', '-', 0, 0, 0]",0,0,0,0,0,0.0,330000
16,UD Almería,Iván Martos,DF,2,0,0,0,0,0,"['-', '-', 0, 0, 0]",0,0,0,0,0,0.0,220000
16,UD Almería,Mendes,DF,2,0,0,0,0,0,"['-', '-', 0, 0, 0]",0,0,0,0,0,0.0,680000
16,UD Almería,Álex Centelles,DF,1,0,0,0,0,0,"['-', '-', 0, 0, 0]",0,0,0,0,0,0.0,260000
16,UD Almería,Ramazani,MD,2,100,0,0,16,8,"['9', '7', 0, 0, 0]",9,7,0,0,0,3.2,5000000
16,UD Almería,Eguaras,MD,1,100,0,0,13,6.5,"['8', '5', 0, 0, 0]",8,5,0,0,0,2.6,1740000
16,UD Almería,Robertone,MD,1,100,0,0,11,5.5,"['3', '8', 0, 0, 0]",3,8,0,0,0,2.2,3250000
16,UD Almería,Samu Costa,MD,2,100,0,0,9,4.5,"['3', '5', 0, 0, 0]",3,5,0,0,0,1.6,2240000
16,UD Almería,Francisco Portillo,MD,0,0,0,0,4,2,"['2', '2', 0, 0, 0]",2,2,0,0,0,0.8,1570000
16,UD Almería,Curro Sánchez,MD,0,0,0,0,4,4,"['4', '-', 0, 0, 0]",4,0,0,0,0,0.8,670000
16,UD Almería,Arnau Puigmal,MD,0,50,0,0,3,1.5,"['2', '1', 0, 0, 0]",2,1,0,0,0,0.6,620000
16,UD Almería,Lazo,MD,0,0,0,0,2,2,"['2', '-', 0, 0, 0]",2,0,0,0,0,0.4,730000
17,Elche CF,Édgar Badía,PT,2,100,0,0,9,4.5,"['2', '7', 0, 0, 0]",2,7,0,0,0,1.8,3000000
17,Elche CF,Axel Werner,PT,2,0,0,0,0,0,"['-', '-', 0, 0, 0]",0,0,0,0,0,0.0,310000
17,Elche CF,Johan Mojica,DF,2,100,0,0,8,4,"['1', '7', 0, 0, 0]",1,7,0,0,0,1.6,4150000
17,Elche CF,Bigas,DF,2,100,0,0,6,3,"['0', '6', 0, 0, 0]",0,6,0,0,0,1.2,1350000
17,Elche CF,Pol Lirola,DF,2,50,0,0,6,6,"['-', '6', 0, 0, 0]",0,6,0,0,0,1.2,1100000
17,Elche CF,Helibelton Palacios,DF,2,50,0,1,4,4,"['-2', '6', 0, 0, 0]",-2,6,0,0,0,0.8,1650000
17,Elche CF,Enzo Roco,DF,2,100,0,0,4,2,"['4', '-', 0, 0, 0]",4,0,0,0,0,0.8,1690000
17,Elche CF,Diego González,DF,2,0,0,0,2,2,"['2', '-', 0, 0, 0]",2,0,0,0,0,0.4,480000
17,Elche CF,Clerc,DF,2,0,0,0,0,0,"['-', '-', 0, 0, 0]",0,0,0,0,0,0.0,530000
17,Elche CF,Gonzalo Verdú,DF,1,0,0,0,0,0,"['-', '-', 0, 0, 0]",0,0,0,0,0,0.0,670000
17,Elche CF,John Donald,DF,1,50,0,0,-8,-8,"['-8', '-', 0, 0, 0]",-8,0,0,0,0,-1.6,220000
17,Elche CF,Álex Collado,MD,1,50,1,0,8,8,"['-', '8', 0, 0, 0]",0,8,0,0,0,1.6,2060000
17,Elche CF,Gumbau,MD,2,100,0,0,7,3.5,"['2', '5', 0, 0, 0]",2,5,0,0,0,1.4,1810000
17,Elche CF,Josan,MD,1,0,0,0,4,2,"['-', '5', 0, 0, 0]",0,5,0,0,0,1.0,1180000
17,Elche CF,Domingos Quina,MD,1,0,0,0,4,4,"['2', '2', 0, 0, 0]",2,2,0,0,0,0.8,960000
17,Elche CF,Omar Mascarell,MD,1,100,0,0,3,1.5,"['1', '2', 0, 0, 0]",1,2,0,0,0,0.6,2160000
17,Elche CF,Tete Morente,MD,2,50,0,0,3,1.5,"['0', '3', 0, 0, 0]",0,3,0,0,0,0.6,1270000
17,Elche CF,Pastore,MD,1,0,0,0,1,1,"['1', '-', 0, 0, 0]",1,0,0,0,0,0.2,400000
17,Elche CF,Fidel,MD,1,50,0,0,1,1,"['-', '1', 0, 0, 0]",0,1,0,0,0,0.2,3890000
17,Elche CF,Álex Alfaro,MD,1,0,0,0,0,0,"['1', '-', 0, 0, 0]",1,0,0,0,0,0.2,200000
17,Elche CF,Raúl Guti,MD,1,0,0,0,0,0,"['-', '-', 0, 0, 0]",0,0,0,0,0,0.0,700000
17,Elche CF,Ezequiel Ponce,DL,0,50,0,0,7,3.5,"['3', '4', 0, 0, 0]",3,4,0,0,0,1.4,1610000
17,Elche CF,Pere Milla,DL,0,50,0,0,6,3,"['1', '5', 0, 0, 0]",1,5,0,0,0,1.2,4030000
17,Elche CF,Roger,DL,0,100,0,0,6,3,"['-', '4', 0, 0, 0]",0,4,0,0,0,0.8,4910000
17,Elche CF,Lucas Boyé,DL,0,0,0,0,4,4,"['2', '2', 0, 0, 0]",2,2,0,0,0,0.8,5390000
18,Girona FC,Juan Carlos Martín,PT,2,100,0,0,4,2,"['2', '2', 0, 0, 0]",2,2,0,0,0,0.8,2480000
18,Girona FC,Santiago Bueno,DF,2,100,0,0,13,6.5,"['7', '6', 0, 0, 0]",7,6,0,0,0,2.6,2310000
18,Girona FC,Miguel Gutiérrez,DF,2,50,0,0,8,4,"['3', '5', 0, 0, 0]",3,5,0,0,0,1.6,2440000
18,Girona FC,Juanpe,DF,2,100,0,0,7,3.5,"['5', '2', 0, 0, 0]",5,2,0,0,0,1.4,2600000
18,Girona FC,Yan Couto,DF,2,100,1,0,6,3,"['4', '2', 0, 0, 0]",4,2,0,0,0,1.2,820000
18,Girona FC,David López,DF,2,100,0,0,3,1.5,"['2', '1', 0, 0, 0]",2,1,0,0,0,0.6,1610000
18,Girona FC,Valery,DF,2,50,0,0,2,2,"['2', '-', 0, 0, 0]",2,0,0,0,0,0.4,1130000
18,Girona FC,Arnau Martínez,DF,2,0,0,0,2,2,"['2', '-', 0, 0, 0]",2,0,0,0,0,0.4,1890000
18,Girona FC,Javi Hernández,DF,2,0,0,1,1,1,"['-', '1', 0, 0, 0]",0,1,0,0,0,0.2,900000
18,Girona FC,Bernardo,DF,2,0,0,0,0,0,"['-', '-', 0, 0, 0]",0,0,0,0,0,0.0,2590000
18,Girona FC,Aleix García,MD,2,100,1,0,14,7,"['6', '8', 0, 0, 0]",6,8,0,0,0,2.8,3820000
18,Girona FC,Yangel Herrera,MD,2,50,0,0,9,4.5,"['2', '7', 0, 0, 0]",2,7,0,0,0,1.8,2280000
18,Girona FC,Rodrigo Riquelme,MD,2,100,0,0,7,3.5,"['2', '5', 0, 0, 0]",2,5,0,0,0,1.4,3380000
18,Girona FC,Samu Sáiz,MD,1,50,0,0,4,2,"['1', '3', 0, 0, 0]",1,3,0,0,0,0.8,2670000
18,Girona FC,Ramón Terrats,MD,1,50,0,0,3,1.5,"['2', '1', 0, 0, 0]",2,1,0,0,0,0.6,1270000
18,Girona FC,Óscar Ureña,MD,1,0,0,0,3,3,"['3', '-', 0, 0, 0]",3,0,0,0,0,0.6,790000
18,Girona FC,Reinier,MD,1,0,0,0,2,2,"['-', '2', 0, 0, 0]",0,2,0,0,0,0.4,1330000
18,Girona FC,Iván Martín,MD,1,0,0,0,0,0,"['-', '-', 0, 0, 0]",0,0,0,0,0,0.0,390000
18,Girona FC,Borja García,MD,0,0,0,0,0,0,"['-', '-', 0, 0, 0]",0,0,0,0,0,0.0,1240000
18,Girona FC,Ibrahima Kébé,MD,0,0,0,0,0,0,"['-', '-', 0, 0, 0]",0,0,0,0,0,0.0,300000
18,Girona FC,Valentín Castellanos,DL,0,100,0,0,13,6.5,"['4', '9', 0, 0, 0]",4,9,0,0,0,2.6,5870000
18,Girona FC,Stuani,DL,0,50,0,0,10,5,"['2', '8', 0, 0, 0]",2,8,0,0,0,2.0,10050000
20,Sevilla FC,Bono,PT,2,100,0,0,5,2.5,"['2', '3', 0, 0, 0]",2,3,0,0,0,1.0,6540000
20,Sevilla FC,Dmitrovic,PT,2,0,0,0,0,0,"['-', '-', 0, 0, 0]",0,0,0,0,0,0.0,570000
20,Sevilla FC,Rekik,DF,2,100,1,0,13,6.5,"['1', '12', 0, 0, 0]",1,12,0,0,0,2.6,2570000
20,Sevilla FC,Marcos Acuña,DF,2,100,0,0,8,4,"['4', '4', 0, 0, 0]",4,4,0,0,0,1.6,6350000
20,Sevilla FC,Nianzou,DF,2,50,0,1,4,4,"['-', '4', 0, 0, 0]",0,4,0,0,0,0.8,2980000
20,Sevilla FC,Álex Telles,DF,2,0,1,0,3,1.5,"['2', '1', 0, 0, 0]",2,1,0,0,0,0.6,2550000
20,Sevilla FC,Gonzalo Montiel,DF,2,50,0,0,2,2,"['-', '2', 0, 0, 0]",0,2,0,0,0,0.4,820000
20,Sevilla FC,Jesús Navas,DF,2,50,0,0,1,1,"['1', '-', 0, 0, 0]",1,0,0,0,0,0.2,5810000
20,Sevilla FC,José Ángel Carmona,DF,1,0,0,0,0,0,"['-', '-', 0, 0, 0]",0,0,0,0,0,0.0,330000
20,Sevilla FC,Marcão,DF,1,0,0,0,0,0,"['-', '-', 0, 0, 0]",0,0,0,0,0,0.0,5110000
20,Sevilla FC,Papu Gómez,MD,1,100,0,0,12,6,"['7', '5', 0, 0, 0]",7,5,0,0,0,2.4,6710000
20,Sevilla FC,Fernando Reges,MD,1,100,0,0,11,5.5,"['6', '5', 0, 0, 0]",6,5,0,0,0,2.2,6860000
20,Sevilla FC,Óliver Torres,MD,1,50,0,0,6,6,"['-', '6', 0, 0, 0]",0,6,0,0,0,1.2,700000
20,Sevilla FC,Delaney,MD,1,50,0,0,5,5,"['5', '-', 0, 0, 0]",5,0,0,0,0,1.0,2380000
20,Sevilla FC,Gudelj,MD,1,50,0,0,4,4,"['2', '2', 0, 0, 0]",2,2,0,0,0,0.8,920000
20,Sevilla FC,Rakitic,MD,1,0,0,0,4,2,"['-', '4', 0, 0, 0]",0,4,0,0,0,0.8,5780000
20,Sevilla FC,Joan Jordan,MD,2,50,0,0,4,4,"['4', '-', 0, 0, 0]",4,0,0,0,0,0.8,5160000
20,Sevilla FC,Isco,MD,2,0,0,0,2,2,"['-', '2', 0, 0, 0]",0,2,0,0,0,0.4,9120000
20,Sevilla FC,Pedro Ortiz,MD,1,0,0,0,0,0,"['-', '-', 0, 0, 0]",0,0,0,0,0,0.0,220000
20,Sevilla FC,Luismi Cruz,MD,2,0,0,0,0,0,"['-', '-', 0, 0, 0]",0,0,0,0,0,0.0,200000
20,Sevilla FC,Erik Lamela,DL,1,50,0,0,10,5,"['2', '8', 0, 0, 0]",2,8,0,0,0,2.0,4250000
20,Sevilla FC,Rafa Mir,DL,0,100,0,0,8,4,"['9', '-1', 0, 0, 0]",9,-1,0,0,0,1.6,7500000
20,Sevilla FC,Ocampos,DL,0,50,0,0,6,3,"['5', '1', 0, 0, 0]",5,1,0,0,0,1.2,8530000
20,Sevilla FC,En-Nesyri,DL,0,0,0,0,4,2,"['2', '2', 0, 0, 0]",2,2,0,0,0,0.8,7720000
20,Sevilla FC,Iván Romero,DL,0,0,0,0,2,2,"['2', '-', 0, 0, 0]",2,0,0,0,0,0.4,280000
20,Sevilla FC,Jesús Corona,DL,0,50,0,0,2,2,"['2', '-', 0, 0, 0]",2,0,0,0,0,0.4,6090000
20,Sevilla FC,Munir El Haddadi,DL,0,0,0,0,0,0,"['-', '-', 0, 0, 0]",0,0,0,0,0,0.0,1490000
